1,Reiko, Annwyl,rannwyl0@bloglines.com
2,Lorin,Wakeham,lwakeham1@cnet.com
3,Delora,Farndale,dfarndale2@dedecms.com
4,Maitilde,Rampley,mrampley3@virginia.edu
5,Owen,McGraffin,omcgraffin4@columbia.edu
6,Taber,Darbyshire,tdarbyshire5@usgs.gov
7,Garrott,Greedyer,ggreedyer6@indiatimes.com
8,Farrand,Climance,fclimance7@feedburner.com
9,Nevin,Potteril,npotteril8@topsy.com
10,Conchita,Wimbury,cwimbury9@nymag.com
11,Nat,Pople,npoplea@1688.com
12,Tully,Gobeaux,tgobeauxb@indiatimes.com
13,Lissi,Try,ltryc@arstechnica.com
14,Oralia,McNab,omcnabd@webs.com
15,Genna,Ruegg,gruegge@1und1.de
16,Eddy,Coard,ecoardf@1und1.de
17,Dorita,Vairow,dvairowg@bluehost.com
18,Bjorn,Henrie,bhenrieh@nyu.edu
19,Hank,Allawy,hallawyi@comsenz.com
20,Ebeneser,Bizley,ebizleyj@disqus.com
